id,payment_method,region,industry,trend_summary,key_driver,challenge,adoption_rate_%,growth_rate_%,transaction_volume_usd,report_source,record_date
1,Credit Card,North America,Travel & Tourism,Growth in BNPL usage,Consumer convenience and speed,Technical outages,77.87,15.3,892287388.1,Deloitte,23-12-2018
2,BNPL,North America,Retail,Increased UPI adoption,Consumer convenience and speed,High transaction fees,62.85,-4.2,199638813,Accenture,15-04-2025
3,BNPL,Europe,Utilities,Expansion of QR-based systems,Increased smartphone penetration,Cybersecurity risks,79.32,-0.21,423191783.8,World Bank,12-02-2021
4,Net Banking,Oceania,Healthcare,Increased UPI adoption,Pandemic-driven cashless preference,Regulatory uncertainty,36.29,20.42,604122305.3,KPMG,27-06-2018
5,Contactless NFC,North America,Education,Increased UPI adoption,Financial inclusion efforts,Data privacy concerns,83.91,13.56,861845193.4,McKinsey,22-06-2024
6,Credit Card,North America,Transportation,Decline in cash transactions,Pandemic-driven cashless preference,High transaction fees,86.32,6.4,453956892.1,World Bank,03-02-2022
7,QR Code Payment,Asia-Pacific,Transportation,Decline in cash transactions,Pandemic-driven cashless preference,Cross-border compliance barriers,71.27,11.02,245566114.2,BCG,09-03-2023
8,Mobile Wallet,South America,Entertainment,Growth in BNPL usage,Merchant incentives and cashback offers,Cybersecurity risks,44.89,-4.04,316137595,RBI,01-01-2021
9,Net Banking,Africa,Healthcare,Growth in BNPL usage,Low transaction costs,Regulatory uncertainty,87.5,14.29,143728718.9,McKinsey,26-07-2019
10,Contactless NFC,Africa,Travel & Tourism,Expansion of QR-based systems,Integration with super apps,Cross-border compliance barriers,55.96,1.58,997540068.9,KPMG,19-09-2023
11,Credit Card,Oceania,Retail,Increased UPI adoption,Enhanced security features,Technical outages,81.49,7.66,64464178.45,Deloitte,13-04-2022
12,Crypto Payment,Africa,Travel & Tourism,Adoption of biometric authentication,Government digital initiatives,Low rural adoption,74.31,11.11,267558364.8,IMF,10-03-2025
13,Credit Card,Asia-Pacific,Education,Shift toward digital wallets,Low transaction costs,Cybersecurity risks,92,21.28,264125661.7,World Bank,13-08-2023
14,Contactless NFC,North America,Travel & Tourism,Adoption of biometric authentication,Regulatory reforms supporting fintech,High transaction fees,39.93,17.88,539839651.1,Statista,13-12-2023
15,Cross-border Transfer,Asia-Pacific,Utilities,Rise in contactless payments,Pandemic-driven cashless preference,Merchant acceptance issues,87.12,19.95,308206611.3,McKinsey,26-08-2018
16,Cross-border Transfer,North America,E-commerce,Cross-border remittance growth,Pandemic-driven cashless preference,Digital literacy gaps,79.78,-1.15,475807095.7,World Bank,01-03-2024
17,Mobile Wallet,Africa,Finance,Integration of AI in fraud detection,Consumer convenience and speed,Digital literacy gaps,79.09,15.7,713236023.9,IMF,23-06-2022
18,Crypto Payment,Africa,Utilities,Increased UPI adoption,Consumer convenience and speed,High transaction fees,34.16,-4.37,554367600.9,McKinsey,07-08-2024
19,UPI,North America,Retail,Growth in BNPL usage,Pandemic-driven cashless preference,Cybersecurity risks,85.88,-2.87,238766629.7,KPMG,03-07-2025
20,Net Banking,Africa,Food Delivery,Expansion of QR-based systems,Regulatory reforms supporting fintech,Network dependency,45.79,9.19,407652901.5,RBI,22-01-2019
21,BNPL,Asia-Pacific,Education,Integration of AI in fraud detection,Low transaction costs,Cybersecurity risks,73.77,24.52,99319453.28,IMF,08-07-2022
22,Credit Card,Europe,Transportation,Growth in BNPL usage,Financial inclusion efforts,Network dependency,39.11,0.5,463165440.3,KPMG,05-11-2018
23,Contactless NFC,North America,Retail,Adoption of biometric authentication,Government digital initiatives,Low rural adoption,90.21,20.46,167144799.5,KPMG,13-06-2023
24,Net Banking,Oceania,Education,Rise in contactless payments,Enhanced security features,Regulatory uncertainty,30.14,6.71,926591555.5,PwC,07-02-2023
25,BNPL,South America,Entertainment,Cross-border remittance growth,Enhanced security features,High transaction fees,49.29,24.06,579601110.5,Statista,30-01-2024
26,QR Code Payment,North America,Retail,Expansion of QR-based systems,Low transaction costs,Digital literacy gaps,89.76,10.93,57822700.15,RBI,12-09-2023
27,Debit Card,North America,Finance,Increased UPI adoption,Consumer convenience and speed,Regulatory uncertainty,37.79,21.71,246969132.4,Statista,01-09-2024
28,Cross-border Transfer,North America,Education,Expansion of QR-based systems,Regulatory reforms supporting fintech,Digital literacy gaps,50.56,2.82,670056248.8,McKinsey,10-07-2021
29,Mobile Wallet,Middle East,Food Delivery,Decline in cash transactions,Low transaction costs,Merchant acceptance issues,90.39,23.07,10306141.43,Deloitte,19-12-2024
30,Credit Card,North America,Entertainment,Growth in BNPL usage,Financial inclusion efforts,Data privacy concerns,38.61,5.47,69722522.75,IMF,27-09-2020
31,Mobile Wallet,Europe,Utilities,Adoption of biometric authentication,Increased smartphone penetration,Cross-border compliance barriers,93.95,19.21,529411751.9,Accenture,28-06-2025
32,Mobile Wallet,South America,E-commerce,Shift toward digital wallets,Increased smartphone penetration,Low rural adoption,87.83,17.27,156292461.9,Deloitte,28-02-2021
33,Net Banking,South America,Healthcare,Growth in BNPL usage,Increased smartphone penetration,Digital literacy gaps,61.75,22.16,846257609.6,BCG,14-01-2019
34,Mobile Wallet,North America,Retail,Emergence of crypto transactions,Enhanced security features,Data privacy concerns,40.5,8.26,705961779.3,Statista,16-04-2024
35,Credit Card,North America,Food Delivery,Adoption of biometric authentication,Government digital initiatives,Merchant acceptance issues,67.86,-0.56,128318073.8,IMF,16-06-2021
36,UPI,Asia-Pacific,Transportation,Growth in BNPL usage,Pandemic-driven cashless preference,Merchant acceptance issues,80.71,21.52,406971012.4,World Bank,17-12-2024
37,Net Banking,Oceania,Food Delivery,Shift toward digital wallets,Integration with super apps,Cybersecurity risks,41.66,22.73,782604109.7,McKinsey,14-08-2022
38,Mobile Wallet,Europe,E-commerce,Integration of AI in fraud detection,Government digital initiatives,Network dependency,44.46,19.5,460842931.4,McKinsey,04-06-2021
39,Net Banking,North America,Transportation,Integration of AI in fraud detection,Merchant incentives and cashback offers,Data privacy concerns,86.18,24.01,279845867.7,Accenture,12-03-2025
40,BNPL,South America,Entertainment,Emergence of crypto transactions,Government digital initiatives,Low rural adoption,87.01,2.84,581009144,Statista,23-12-2020
41,Credit Card,Africa,Education,Emergence of crypto transactions,Merchant incentives and cashback offers,Regulatory uncertainty,69.4,10.34,385810237.9,McKinsey,19-06-2024
42,Mobile Wallet,North America,Education,Rise in contactless payments,Financial inclusion efforts,Digital literacy gaps,74.65,23.21,737300655.8,IMF,18-03-2020
43,BNPL,North America,Healthcare,Expansion of QR-based systems,Merchant incentives and cashback offers,Low rural adoption,76.78,4.01,309975377.6,IMF,31-07-2022
44,BNPL,South America,Travel & Tourism,Adoption of biometric authentication,Enhanced security features,High transaction fees,57.33,23.21,677640627.3,Deloitte,14-12-2019
45,Cross-border Transfer,Asia-Pacific,Education,Adoption of biometric authentication,Government digital initiatives,Data privacy concerns,48.65,7.9,580404796.4,IMF,05-05-2025
46,Crypto Payment,Middle East,Utilities,Growth in BNPL usage,Financial inclusion efforts,Network dependency,81.59,23.79,736225484.5,RBI,22-05-2025
47,Mobile Wallet,Africa,Finance,Emergence of crypto transactions,Pandemic-driven cashless preference,High transaction fees,73.73,1.74,199930802.8,Statista,11-04-2018
48,Net Banking,Middle East,Finance,Increased UPI adoption,Low transaction costs,Regulatory uncertainty,87.6,12.27,718627569.6,KPMG,22-04-2022
49,BNPL,Europe,Food Delivery,Rise in contactless payments,Pandemic-driven cashless preference,Regulatory uncertainty,44.22,19.12,696215864.6,Statista,18-03-2023
50,Contactless NFC,Europe,E-commerce,Cross-border remittance growth,Enhanced security features,Network dependency,73.39,24.64,595856866.2,Deloitte,18-12-2022
51,Contactless NFC,Middle East,Entertainment,Cross-border remittance growth,Enhanced security features,Network dependency,59.25,17.55,840023025,Accenture,09-02-2021
52,Crypto Payment,South America,Transportation,Decline in cash transactions,Low transaction costs,Low rural adoption,76.38,2.03,336511689.1,RBI,22-01-2024
53,Debit Card,Europe,Transportation,Integration of AI in fraud detection,Enhanced security features,High transaction fees,34.17,7.23,543068529.4,Statista,31-08-2022
54,Net Banking,Oceania,Education,Integration of AI in fraud detection,Regulatory reforms supporting fintech,Cybersecurity risks,85.69,17.97,381000647.9,IMF,25-01-2018
55,Mobile Wallet,Oceania,Education,Integration of AI in fraud detection,Financial inclusion efforts,Digital literacy gaps,81.99,21.93,488741248.1,BCG,22-01-2021
56,Crypto Payment,North America,Education,Emergence of crypto transactions,Integration with super apps,Technical outages,84.63,22.59,980741255.5,Statista,28-12-2023
57,BNPL,Africa,Finance,Rise in contactless payments,Pandemic-driven cashless preference,Regulatory uncertainty,38.82,8.85,51234348.86,IMF,02-04-2022
58,Net Banking,Middle East,Healthcare,Emergence of crypto transactions,Integration with super apps,Data privacy concerns,78.88,19.96,253019260.3,KPMG,02-12-2018
59,UPI,South America,Entertainment,Rise in contactless payments,Merchant incentives and cashback offers,High transaction fees,72.26,18.44,652102900.6,McKinsey,08-05-2018
60,Net Banking,Oceania,Retail,Expansion of QR-based systems,Enhanced security features,High transaction fees,38.2,15.08,564405612.4,KPMG,11-06-2020
61,Mobile Wallet,Oceania,Healthcare,Shift toward digital wallets,Regulatory reforms supporting fintech,Cross-border compliance barriers,92.64,16.55,778014094.3,PwC,02-11-2019
62,Credit Card,Africa,Retail,Decline in cash transactions,Regulatory reforms supporting fintech,Regulatory uncertainty,55.78,16.45,76920481.37,McKinsey,29-09-2025
63,Credit Card,South America,Travel & Tourism,Expansion of QR-based systems,Pandemic-driven cashless preference,Cross-border compliance barriers,80.87,5.42,428949635.2,RBI,26-02-2022
64,Contactless NFC,South America,Healthcare,Rise in contactless payments,Integration with super apps,Network dependency,36.86,23.82,635949521,World Bank,27-02-2023
65,BNPL,Europe,Entertainment,Decline in cash transactions,Regulatory reforms supporting fintech,Digital literacy gaps,80.35,8.95,825908863.8,PwC,23-08-2024
66,QR Code Payment,Oceania,Transportation,Increased UPI adoption,Increased smartphone penetration,Network dependency,45.85,8.94,610721372.5,IMF,02-04-2022
67,UPI,Middle East,Healthcare,Shift toward digital wallets,Low transaction costs,High transaction fees,53.06,2.75,280378829.6,PwC,07-09-2024
68,Contactless NFC,North America,Entertainment,Growth in BNPL usage,Pandemic-driven cashless preference,High transaction fees,76.8,9.66,758406488.8,KPMG,29-09-2025
69,Crypto Payment,Middle East,Retail,Increased UPI adoption,Increased smartphone penetration,High transaction fees,56.29,2.3,664296061.6,KPMG,20-02-2022
70,Contactless NFC,Africa,Healthcare,Integration of AI in fraud detection,Financial inclusion efforts,Merchant acceptance issues,52.87,8.61,307316368.4,RBI,02-08-2020
71,Net Banking,Asia-Pacific,E-commerce,Adoption of biometric authentication,Enhanced security features,High transaction fees,44.07,9.53,724860416.1,Deloitte,19-11-2023
72,Mobile Wallet,North America,Transportation,Decline in cash transactions,Consumer convenience and speed,Merchant acceptance issues,41.66,-4.58,534600954.2,Statista,28-01-2021
73,UPI,Africa,Travel & Tourism,Shift toward digital wallets,Low transaction costs,Low rural adoption,86.73,12.22,469927548,IMF,10-12-2022
74,Debit Card,North America,Travel & Tourism,Cross-border remittance growth,Pandemic-driven cashless preference,Low rural adoption,56.05,-2.78,629816261.3,World Bank,08-08-2018
75,Debit Card,Oceania,Finance,Decline in cash transactions,Pandemic-driven cashless preference,High transaction fees,37.7,17.93,606711333.6,McKinsey,08-12-2024
76,Contactless NFC,Middle East,Utilities,Cross-border remittance growth,Increased smartphone penetration,Cross-border compliance barriers,94.35,4.16,621406293.8,RBI,02-11-2024
77,Net Banking,South America,Transportation,Decline in cash transactions,Pandemic-driven cashless preference,Technical outages,45.59,11.56,157376082.8,KPMG,01-08-2022
78,Cross-border Transfer,Middle East,Travel & Tourism,Rise in contactless payments,Consumer convenience and speed,Data privacy concerns,75.95,16.09,454577295.1,McKinsey,16-09-2025
79,Mobile Wallet,Oceania,Finance,Growth in BNPL usage,Integration with super apps,Low rural adoption,65.4,14.43,908503033.8,RBI,06-08-2019
80,UPI,Europe,Travel & Tourism,Expansion of QR-based systems,Regulatory reforms supporting fintech,Data privacy concerns,58.54,9.06,304787099.4,PwC,07-07-2022
81,Contactless NFC,Africa,Utilities,Cross-border remittance growth,Pandemic-driven cashless preference,Cross-border compliance barriers,32.59,7.96,322999261.8,Statista,22-10-2020
82,Credit Card,Europe,Finance,Expansion of QR-based systems,Government digital initiatives,Data privacy concerns,67.46,17.89,176015537.2,KPMG,27-10-2023
83,Mobile Wallet,Europe,Finance,Integration of AI in fraud detection,Low transaction costs,Low rural adoption,60.55,7.25,321737197.7,World Bank,05-03-2019
84,QR Code Payment,Middle East,Utilities,Decline in cash transactions,Integration with super apps,Digital literacy gaps,32.39,-2.36,253146452.1,BCG,20-04-2019
85,Contactless NFC,Oceania,Retail,Adoption of biometric authentication,Low transaction costs,Regulatory uncertainty,33.52,10.55,623011238.7,KPMG,04-08-2023
86,UPI,Europe,Travel & Tourism,Adoption of biometric authentication,Enhanced security features,Data privacy concerns,58.48,15.95,122304657.3,Deloitte,24-01-2025
87,Net Banking,South America,Food Delivery,Decline in cash transactions,Financial inclusion efforts,Cybersecurity risks,65.9,-2.2,992264882.3,KPMG,10-04-2019
88,Credit Card,South America,Food Delivery,Cross-border remittance growth,Increased smartphone penetration,Digital literacy gaps,75.85,7.46,483017077.4,McKinsey,19-04-2023
89,Crypto Payment,Africa,Food Delivery,Integration of AI in fraud detection,Consumer convenience and speed,Cross-border compliance barriers,63.04,21.38,864162907.5,BCG,05-02-2021
90,QR Code Payment,Oceania,Entertainment,Decline in cash transactions,Government digital initiatives,Data privacy concerns,77.19,20.12,580343460.5,KPMG,27-05-2025
91,Debit Card,Middle East,Entertainment,Cross-border remittance growth,Merchant incentives and cashback offers,Merchant acceptance issues,65.87,11.3,455889272.3,McKinsey,11-08-2021
92,Net Banking,Africa,Education,Growth in BNPL usage,Integration with super apps,Cybersecurity risks,50.68,9.19,913516737.7,BCG,11-04-2022
93,Debit Card,Middle East,Retail,Shift toward digital wallets,Financial inclusion efforts,Cross-border compliance barriers,51.58,-1.99,845194383.7,Accenture,13-02-2019
94,Crypto Payment,North America,Food Delivery,Integration of AI in fraud detection,Enhanced security features,Low rural adoption,60.52,24.08,339222672.8,BCG,08-10-2025
95,Credit Card,Oceania,Healthcare,Adoption of biometric authentication,Integration with super apps,Merchant acceptance issues,70.74,21.62,488459537.9,Statista,26-01-2024
96,Cross-border Transfer,North America,Transportation,Decline in cash transactions,Consumer convenience and speed,Low rural adoption,58.21,-2.05,634114081,KPMG,16-02-2019
97,Debit Card,South America,Travel & Tourism,Rise in contactless payments,Government digital initiatives,Merchant acceptance issues,81.75,3.8,375466248.7,McKinsey,20-08-2019
98,Contactless NFC,Middle East,Finance,Shift toward digital wallets,Enhanced security features,Technical outages,35.13,21.13,620090658.2,KPMG,13-09-2020
99,Cross-border Transfer,Europe,Transportation,Cross-border remittance growth,Increased smartphone penetration,Network dependency,46.6,-4.72,804828443.9,Accenture,24-03-2021
100,Debit Card,North America,Utilities,Emergence of crypto transactions,Regulatory reforms supporting fintech,Data privacy concerns,71.53,7.73,250848126.2,McKinsey,22-05-2021
101,BNPL,Oceania,Utilities,Increased UPI adoption,Consumer convenience and speed,Regulatory uncertainty,67.17,12.24,992699351.6,Statista,24-04-2021
102,BNPL,Asia-Pacific,Retail,Expansion of QR-based systems,Government digital initiatives,Cross-border compliance barriers,78.44,19.99,903031983.5,Deloitte,31-07-2020
103,QR Code Payment,Europe,Transportation,Expansion of QR-based systems,Increased smartphone penetration,Technical outages,70.84,22.1,646694268.3,KPMG,19-06-2021
104,UPI,Africa,Healthcare,Shift toward digital wallets,Pandemic-driven cashless preference,Data privacy concerns,51.24,7.47,201593999.9,IMF,19-01-2024
105,Contactless NFC,Africa,Travel & Tourism,Shift toward digital wallets,Increased smartphone penetration,Network dependency,92.88,3.85,870526562.4,KPMG,17-04-2019
106,Credit Card,Europe,Transportation,Integration of AI in fraud detection,Financial inclusion efforts,Merchant acceptance issues,35.87,6.84,265194119.8,KPMG,22-05-2019
107,QR Code Payment,South America,Travel & Tourism,Expansion of QR-based systems,Integration with super apps,Merchant acceptance issues,37.04,2.01,25999625,IMF,18-04-2024
108,Cross-border Transfer,Europe,E-commerce,Cross-border remittance growth,Increased smartphone penetration,Regulatory uncertainty,37.58,-3.64,38174916.1,RBI,11-07-2023
109,Credit Card,Europe,Entertainment,Shift toward digital wallets,Integration with super apps,Network dependency,54.12,23.48,696787507.7,BCG,22-01-2024
110,Cross-border Transfer,South America,Food Delivery,Integration of AI in fraud detection,Pandemic-driven cashless preference,Network dependency,70.02,23.17,280460400,IMF,28-09-2025
111,Net Banking,Middle East,Utilities,Growth in BNPL usage,Merchant incentives and cashback offers,Low rural adoption,93.76,6.02,901794516.2,IMF,26-03-2025
112,UPI,Middle East,Travel & Tourism,Growth in BNPL usage,Pandemic-driven cashless preference,Network dependency,35.96,1.36,639853425.6,Statista,29-03-2018
113,QR Code Payment,Europe,Food Delivery,Expansion of QR-based systems,Consumer convenience and speed,Low rural adoption,83.94,11.63,586796700.5,IMF,12-08-2020
114,Debit Card,Oceania,Finance,Rise in contactless payments,Increased smartphone penetration,Technical outages,94.19,11.21,798715309.7,Statista,27-03-2019
115,Debit Card,North America,Healthcare,Growth in BNPL usage,Regulatory reforms supporting fintech,Merchant acceptance issues,31.03,2.96,127631785.2,Accenture,21-09-2022
116,Credit Card,South America,E-commerce,Cross-border remittance growth,Low transaction costs,Merchant acceptance issues,63.36,-1.73,504334851.1,Statista,24-11-2024
117,Contactless NFC,Asia-Pacific,Utilities,Rise in contactless payments,Government digital initiatives,Network dependency,85.07,7.79,108853867.9,KPMG,27-12-2025
118,Credit Card,North America,Healthcare,Expansion of QR-based systems,Enhanced security features,Low rural adoption,38.2,13.73,585779323.9,IMF,26-12-2025
119,BNPL,Africa,Entertainment,Decline in cash transactions,Low transaction costs,Digital literacy gaps,69.35,-2.02,702077639.1,Accenture,05-05-2025
120,Net Banking,Middle East,Utilities,Growth in BNPL usage,Integration with super apps,Merchant acceptance issues,83.78,6.96,729882895.1,BCG,04-07-2021
121,QR Code Payment,South America,Travel & Tourism,Emergence of crypto transactions,Enhanced security features,Network dependency,34.36,19.95,94136871.6,IMF,31-01-2019
122,Debit Card,Africa,Retail,Expansion of QR-based systems,Financial inclusion efforts,Digital literacy gaps,51.43,-1.33,354244481.6,BCG,18-06-2025
123,UPI,Asia-Pacific,Finance,Decline in cash transactions,Merchant incentives and cashback offers,Low rural adoption,67.56,1.38,657079566.7,RBI,07-07-2020
124,QR Code Payment,Oceania,Entertainment,Emergence of crypto transactions,Pandemic-driven cashless preference,Data privacy concerns,67.32,19.22,845310006.2,Deloitte,21-12-2024
125,Contactless NFC,North America,Finance,Decline in cash transactions,Government digital initiatives,Technical outages,47.76,17.87,921615983.5,Statista,08-12-2021
126,Debit Card,Oceania,Food Delivery,Expansion of QR-based systems,Integration with super apps,Low rural adoption,39.22,14,31626441.28,McKinsey,13-12-2023
127,BNPL,Middle East,Utilities,Emergence of crypto transactions,Enhanced security features,Merchant acceptance issues,50.26,4.73,941466016.6,RBI,08-09-2024
128,UPI,Europe,Food Delivery,Expansion of QR-based systems,Government digital initiatives,Low rural adoption,47.69,14.86,486176043.2,BCG,16-12-2022
129,Mobile Wallet,Europe,Entertainment,Increased UPI adoption,Merchant incentives and cashback offers,Regulatory uncertainty,37.21,15.35,593541116.1,PwC,29-11-2023
130,UPI,Europe,Education,Expansion of QR-based systems,Government digital initiatives,Cybersecurity risks,43.29,23.36,767582177.8,PwC,12-11-2020
131,QR Code Payment,North America,Retail,Cross-border remittance growth,Integration with super apps,Technical outages,38.4,10.98,230880605.4,IMF,07-04-2024
132,Credit Card,Middle East,Retail,Integration of AI in fraud detection,Government digital initiatives,Network dependency,89.88,20.86,576183401.6,BCG,06-06-2024
133,BNPL,Asia-Pacific,E-commerce,Integration of AI in fraud detection,Government digital initiatives,Merchant acceptance issues,41.17,23.43,460636805,IMF,25-09-2025
134,Credit Card,Middle East,E-commerce,Growth in BNPL usage,Integration with super apps,Cross-border compliance barriers,56.03,-2.64,870653891.8,McKinsey,22-10-2021
135,QR Code Payment,Oceania,Food Delivery,Increased UPI adoption,Financial inclusion efforts,Low rural adoption,64.49,0.82,776452001.1,World Bank,09-12-2021
136,Net Banking,North America,Food Delivery,Decline in cash transactions,Consumer convenience and speed,Technical outages,69.16,17.81,655853501.5,KPMG,27-12-2019
137,Crypto Payment,Oceania,Finance,Expansion of QR-based systems,Low transaction costs,Cross-border compliance barriers,71.79,24.6,323885033.4,IMF,13-01-2025
138,Debit Card,Middle East,E-commerce,Cross-border remittance growth,Low transaction costs,Data privacy concerns,81.76,12.74,352590280.4,PwC,31-10-2018
139,Crypto Payment,Middle East,Retail,Rise in contactless payments,Merchant incentives and cashback offers,Data privacy concerns,34.99,20.93,855438078.1,Deloitte,24-11-2024
140,Contactless NFC,Middle East,Utilities,Expansion of QR-based systems,Financial inclusion efforts,Cybersecurity risks,59.23,19.29,652185617.2,Deloitte,09-08-2021
141,Crypto Payment,Africa,Food Delivery,Rise in contactless payments,Low transaction costs,Low rural adoption,82.71,20.12,982403195.5,Accenture,12-12-2018
142,Debit Card,North America,Transportation,Cross-border remittance growth,Low transaction costs,Digital literacy gaps,63.98,-0.24,373479130.1,BCG,04-03-2021
143,BNPL,Oceania,Healthcare,Expansion of QR-based systems,Government digital initiatives,Merchant acceptance issues,34.28,-2.16,678700965.5,PwC,09-03-2021
144,Cross-border Transfer,Oceania,Food Delivery,Emergence of crypto transactions,Pandemic-driven cashless preference,Cross-border compliance barriers,73.13,22.5,310921505.8,BCG,11-05-2025
145,Debit Card,Africa,E-commerce,Decline in cash transactions,Financial inclusion efforts,Regulatory uncertainty,71.83,4.85,128665970.3,Accenture,18-11-2025
146,Credit Card,South America,Education,Adoption of biometric authentication,Merchant incentives and cashback offers,Cybersecurity risks,53.57,0.41,214978468.6,McKinsey,15-06-2023
147,Net Banking,Europe,Food Delivery,Increased UPI adoption,Increased smartphone penetration,Low rural adoption,63,11.19,738905359,Statista,27-11-2023
148,QR Code Payment,Oceania,Finance,Shift toward digital wallets,Regulatory reforms supporting fintech,Regulatory uncertainty,40.03,0.43,693152795.2,World Bank,02-01-2025
149,Crypto Payment,North America,Education,Emergence of crypto transactions,Consumer convenience and speed,Network dependency,69.69,17.57,784016559.1,Accenture,16-08-2020
150,Net Banking,Asia-Pacific,Utilities,Growth in BNPL usage,Merchant incentives and cashback offers,Cross-border compliance barriers,93.99,8.85,282489961,Accenture,14-04-2022
151,Contactless NFC,Middle East,Food Delivery,Growth in BNPL usage,Regulatory reforms supporting fintech,Technical outages,86.75,-3.43,481110064.8,Accenture,01-03-2022
152,Credit Card,South America,Entertainment,Increased UPI adoption,Increased smartphone penetration,Low rural adoption,79.6,3.18,905400902.8,BCG,27-08-2019
153,Credit Card,Europe,Utilities,Emergence of crypto transactions,Government digital initiatives,Regulatory uncertainty,33.46,10.06,236542295.8,IMF,01-12-2018
154,Net Banking,North America,Healthcare,Increased UPI adoption,Merchant incentives and cashback offers,Technical outages,38.94,3.61,829931821.6,World Bank,22-10-2025
155,Crypto Payment,Middle East,Finance,Rise in contactless payments,Pandemic-driven cashless preference,Cybersecurity risks,46.64,20.05,549255441.2,Accenture,29-10-2024
156,BNPL,North America,Travel & Tourism,Growth in BNPL usage,Increased smartphone penetration,Low rural adoption,33.1,7.59,794105209.5,RBI,16-02-2023
157,Credit Card,Oceania,Utilities,Expansion of QR-based systems,Financial inclusion efforts,Cybersecurity risks,71.08,12.25,718825783.5,BCG,08-04-2021
158,UPI,Africa,Healthcare,Growth in BNPL usage,Regulatory reforms supporting fintech,Regulatory uncertainty,42.18,15.05,523961073.1,RBI,17-01-2022
159,Contactless NFC,Africa,Entertainment,Adoption of biometric authentication,Financial inclusion efforts,Cybersecurity risks,55.38,9.1,636035120.7,PwC,10-03-2022
160,UPI,Asia-Pacific,E-commerce,Emergence of crypto transactions,Consumer convenience and speed,Low rural adoption,80.15,17.06,333186089.8,IMF,01-07-2018
161,Contactless NFC,Asia-Pacific,Food Delivery,Cross-border remittance growth,Low transaction costs,Technical outages,82.75,-3.11,776414209.3,Statista,18-02-2023
162,Mobile Wallet,Europe,Retail,Growth in BNPL usage,Government digital initiatives,Merchant acceptance issues,90.67,10.46,989133579.6,KPMG,03-02-2024
163,Mobile Wallet,North America,Transportation,Decline in cash transactions,Merchant incentives and cashback offers,Cybersecurity risks,86.28,4.96,125350533.2,BCG,16-02-2022
164,BNPL,South America,Utilities,Integration of AI in fraud detection,Merchant incentives and cashback offers,Technical outages,62.25,9.93,924386156.2,PwC,28-10-2023
165,Credit Card,South America,Education,Increased UPI adoption,Integration with super apps,Cross-border compliance barriers,94.68,0.41,294472652.6,RBI,25-02-2019
166,QR Code Payment,South America,Travel & Tourism,Decline in cash transactions,Low transaction costs,Cross-border compliance barriers,76.65,0,444464472.7,Statista,06-01-2023
167,QR Code Payment,Africa,Education,Decline in cash transactions,Government digital initiatives,Low rural adoption,73.63,7.19,513572933.5,World Bank,14-08-2025
168,UPI,Europe,Finance,Cross-border remittance growth,Government digital initiatives,Technical outages,34.37,18.36,366962144.6,Deloitte,18-04-2022
169,UPI,Africa,Food Delivery,Cross-border remittance growth,Merchant incentives and cashback offers,Merchant acceptance issues,58.86,-2.69,138557412.7,BCG,12-02-2022
170,QR Code Payment,South America,Travel & Tourism,Growth in BNPL usage,Pandemic-driven cashless preference,Cybersecurity risks,77.82,9.97,387600392.7,RBI,19-04-2024
171,Mobile Wallet,Oceania,Travel & Tourism,Cross-border remittance growth,Consumer convenience and speed,Cross-border compliance barriers,48.56,22.49,491708995.1,World Bank,18-05-2019
172,Credit Card,Middle East,Food Delivery,Cross-border remittance growth,Pandemic-driven cashless preference,Merchant acceptance issues,73.41,16.29,550447150.3,PwC,04-04-2021
173,Debit Card,South America,Food Delivery,Emergence of crypto transactions,Financial inclusion efforts,High transaction fees,37.89,1.03,139737995.2,Statista,17-07-2023
174,QR Code Payment,Africa,Finance,Emergence of crypto transactions,Low transaction costs,Digital literacy gaps,38.44,21.53,66682357.16,KPMG,19-06-2022
175,Contactless NFC,Middle East,Education,Expansion of QR-based systems,Pandemic-driven cashless preference,Technical outages,93.2,14.27,450524521.2,Accenture,17-08-2025
176,QR Code Payment,Europe,Entertainment,Expansion of QR-based systems,Enhanced security features,Technical outages,58.12,22.32,56357437.17,Accenture,24-05-2019
177,Debit Card,Asia-Pacific,Food Delivery,Shift toward digital wallets,Merchant incentives and cashback offers,High transaction fees,52.49,23.23,895030990.9,PwC,20-11-2018
178,Net Banking,South America,Entertainment,Decline in cash transactions,Enhanced security features,Data privacy concerns,69.94,-2.2,641346439.9,Deloitte,21-08-2024
179,Debit Card,Europe,Finance,Expansion of QR-based systems,Merchant incentives and cashback offers,Cross-border compliance barriers,32.68,20.91,82141632.04,Deloitte,12-03-2025
180,Mobile Wallet,South America,Transportation,Expansion of QR-based systems,Integration with super apps,Cross-border compliance barriers,71.53,9.94,627536846.3,PwC,01-04-2021
181,Crypto Payment,Europe,Education,Decline in cash transactions,Low transaction costs,Low rural adoption,74.76,-0.26,416206124.5,McKinsey,18-03-2023
182,QR Code Payment,Africa,Food Delivery,Emergence of crypto transactions,Merchant incentives and cashback offers,Merchant acceptance issues,93.4,-1.08,371169657.9,RBI,19-04-2024
183,QR Code Payment,Europe,Utilities,Increased UPI adoption,Increased smartphone penetration,Network dependency,46.11,-2.1,290921793,Deloitte,23-04-2022
184,BNPL,Europe,Food Delivery,Emergence of crypto transactions,Regulatory reforms supporting fintech,Merchant acceptance issues,42.34,-0.22,995973441.7,KPMG,28-03-2023
185,Mobile Wallet,Middle East,Retail,Increased UPI adoption,Integration with super apps,Digital literacy gaps,59.72,2.22,583760767.9,Statista,19-07-2018
186,Mobile Wallet,Middle East,Finance,Cross-border remittance growth,Increased smartphone penetration,Digital literacy gaps,30.53,-1.78,134801009.1,IMF,19-12-2020
187,BNPL,Asia-Pacific,Retail,Integration of AI in fraud detection,Government digital initiatives,Cross-border compliance barriers,66.52,5.88,289313095.3,Accenture,02-05-2022
188,Crypto Payment,Oceania,Entertainment,Decline in cash transactions,Regulatory reforms supporting fintech,Cross-border compliance barriers,37.72,24.25,394509809,Accenture,20-10-2021
189,QR Code Payment,Oceania,Food Delivery,Growth in BNPL usage,Regulatory reforms supporting fintech,Digital literacy gaps,56.09,-3.79,39875052.28,KPMG,26-09-2021
190,Contactless NFC,Middle East,Food Delivery,Expansion of QR-based systems,Financial inclusion efforts,Technical outages,51.32,13.39,163339543.8,PwC,30-11-2024
191,Cross-border Transfer,Asia-Pacific,Entertainment,Adoption of biometric authentication,Financial inclusion efforts,Network dependency,76.07,3.99,815933084.4,IMF,17-02-2022
192,Credit Card,Middle East,Finance,Decline in cash transactions,Government digital initiatives,Cross-border compliance barriers,60.85,24.01,783121087.4,Deloitte,27-06-2024
193,Net Banking,South America,Retail,Expansion of QR-based systems,Low transaction costs,Technical outages,64.08,16.64,774831523.7,World Bank,07-04-2022
194,Net Banking,North America,Finance,Increased UPI adoption,Consumer convenience and speed,Cybersecurity risks,58.67,7.56,413547149.7,BCG,15-04-2020
195,Contactless NFC,Oceania,Finance,Cross-border remittance growth,Government digital initiatives,Technical outages,63.71,11.83,998124745.5,Accenture,14-05-2023
196,BNPL,Asia-Pacific,Food Delivery,Cross-border remittance growth,Financial inclusion efforts,Merchant acceptance issues,65.51,15.28,867786749.1,PwC,20-08-2025
197,Cross-border Transfer,Middle East,Transportation,Growth in BNPL usage,Increased smartphone penetration,Digital literacy gaps,49.4,23.24,982278036.2,McKinsey,29-03-2021
198,Crypto Payment,Asia-Pacific,Utilities,Emergence of crypto transactions,Financial inclusion efforts,Data privacy concerns,48.71,12.2,543647686.1,IMF,05-06-2022
199,Debit Card,Asia-Pacific,Retail,Decline in cash transactions,Pandemic-driven cashless preference,Merchant acceptance issues,90.06,14.68,747591161.2,McKinsey,26-05-2020
200,Contactless NFC,Asia-Pacific,Entertainment,Decline in cash transactions,Enhanced security features,Low rural adoption,70.02,12.6,243215580.4,Accenture,06-07-2025
201,Net Banking,South America,Transportation,Rise in contactless payments,Pandemic-driven cashless preference,Regulatory uncertainty,51.47,9.17,681510794.6,Statista,18-07-2019
202,Contactless NFC,Europe,Education,Cross-border remittance growth,Low transaction costs,High transaction fees,79.13,3.62,286129926,RBI,31-08-2018
203,Cross-border Transfer,Europe,Entertainment,Rise in contactless payments,Enhanced security features,Regulatory uncertainty,87.35,0.27,919715177,KPMG,15-06-2022
204,Debit Card,South America,Travel & Tourism,Rise in contactless payments,Government digital initiatives,Data privacy concerns,66.92,-1.78,983010894.5,KPMG,11-03-2021
205,Contactless NFC,Africa,Utilities,Shift toward digital wallets,Financial inclusion efforts,Network dependency,47.73,19.26,331353412.7,PwC,23-02-2023
206,Debit Card,North America,Healthcare,Decline in cash transactions,Regulatory reforms supporting fintech,High transaction fees,41.41,20.68,897145719,Accenture,18-10-2022
207,QR Code Payment,North America,Education,Increased UPI adoption,Enhanced security features,Technical outages,61.03,23.07,7823290.42,McKinsey,21-04-2022
208,Crypto Payment,Oceania,Travel & Tourism,Emergence of crypto transactions,Increased smartphone penetration,Cross-border compliance barriers,76.99,-4.66,654029683.7,McKinsey,08-10-2025
209,UPI,South America,E-commerce,Cross-border remittance growth,Increased smartphone penetration,Technical outages,56.35,10.08,895223251.5,PwC,21-11-2025
210,Credit Card,South America,Travel & Tourism,Emergence of crypto transactions,Regulatory reforms supporting fintech,High transaction fees,44.24,-0.99,154032379.1,IMF,17-10-2024
211,BNPL,South America,Entertainment,Cross-border remittance growth,Financial inclusion efforts,High transaction fees,79.52,15.41,596218651.1,Accenture,02-12-2018
212,Crypto Payment,Africa,Healthcare,Increased UPI adoption,Regulatory reforms supporting fintech,Low rural adoption,34.01,11.43,505981569,Accenture,03-06-2024
213,Debit Card,Europe,Healthcare,Adoption of biometric authentication,Low transaction costs,Low rural adoption,74.22,16.51,489339138.9,KPMG,22-09-2023
214,UPI,Middle East,Food Delivery,Adoption of biometric authentication,Integration with super apps,Network dependency,66.65,11.76,673094944.5,Statista,16-06-2021
215,BNPL,Asia-Pacific,Retail,Growth in BNPL usage,Regulatory reforms supporting fintech,Low rural adoption,32.94,5.34,64696152.2,RBI,04-09-2018
216,Crypto Payment,North America,Travel & Tourism,Integration of AI in fraud detection,Enhanced security features,Technical outages,79.78,24.35,646234937.3,IMF,18-09-2022
217,BNPL,Middle East,Education,Integration of AI in fraud detection,Pandemic-driven cashless preference,Digital literacy gaps,38.64,20.81,119514534.1,BCG,10-01-2024
218,Contactless NFC,Europe,Transportation,Rise in contactless payments,Government digital initiatives,Data privacy concerns,60.1,16.57,424703901.7,McKinsey,03-04-2022
219,Net Banking,Middle East,Healthcare,Shift toward digital wallets,Increased smartphone penetration,High transaction fees,90.93,16.75,113731794.1,BCG,28-05-2025
220,Cross-border Transfer,Oceania,Retail,Growth in BNPL usage,Consumer convenience and speed,Low rural adoption,36.56,-3.99,598187111.8,Statista,20-11-2025
221,Net Banking,South America,Retail,Integration of AI in fraud detection,Low transaction costs,High transaction fees,65.08,17.63,776287557.8,Accenture,28-07-2019
222,Mobile Wallet,Europe,Finance,Emergence of crypto transactions,Regulatory reforms supporting fintech,Cross-border compliance barriers,80.21,19.55,237667130.7,Accenture,10-08-2019
223,Net Banking,Middle East,Travel & Tourism,Decline in cash transactions,Government digital initiatives,Digital literacy gaps,91.65,21.39,911666088,BCG,08-01-2025
224,Contactless NFC,Middle East,Retail,Emergence of crypto transactions,Integration with super apps,Digital literacy gaps,50.72,7.49,150068390.2,World Bank,22-03-2022
225,Contactless NFC,Middle East,Transportation,Growth in BNPL usage,Increased smartphone penetration,Technical outages,82.38,22.44,562823563.6,Accenture,03-09-2022
226,Contactless NFC,Europe,Education,Growth in BNPL usage,Increased smartphone penetration,High transaction fees,51.47,-2.63,450337039,RBI,28-02-2022
227,Contactless NFC,South America,Transportation,Rise in contactless payments,Increased smartphone penetration,Regulatory uncertainty,73.79,13.09,873746838,Deloitte,10-02-2020
228,Contactless NFC,Europe,Utilities,Growth in BNPL usage,Merchant incentives and cashback offers,Data privacy concerns,92.21,-4.54,937222603.4,KPMG,26-04-2019
229,Net Banking,South America,Finance,Growth in BNPL usage,Integration with super apps,High transaction fees,65.89,18.27,381281082.6,IMF,26-12-2023
230,Mobile Wallet,Asia-Pacific,Healthcare,Adoption of biometric authentication,Low transaction costs,Network dependency,36.41,24.44,470020931.6,McKinsey,04-08-2021
231,QR Code Payment,Asia-Pacific,Education,Rise in contactless payments,Regulatory reforms supporting fintech,High transaction fees,78.18,-4.51,553758252,Deloitte,20-07-2024
232,BNPL,Asia-Pacific,Food Delivery,Growth in BNPL usage,Merchant incentives and cashback offers,High transaction fees,54.69,20,499802180.9,IMF,05-05-2025
233,Mobile Wallet,Oceania,Utilities,Cross-border remittance growth,Low transaction costs,Technical outages,77.63,5.57,140818570.1,KPMG,17-02-2024
234,Debit Card,Africa,Retail,Adoption of biometric authentication,Government digital initiatives,Low rural adoption,91.44,15.05,764574504.7,World Bank,17-08-2022
235,Net Banking,North America,Food Delivery,Rise in contactless payments,Consumer convenience and speed,Digital literacy gaps,59.64,-3.19,638090863.2,KPMG,30-11-2024
236,Crypto Payment,North America,Retail,Adoption of biometric authentication,Financial inclusion efforts,Regulatory uncertainty,30.77,10.88,275465996.5,Statista,20-03-2021
237,Contactless NFC,Oceania,Education,Shift toward digital wallets,Pandemic-driven cashless preference,Low rural adoption,64.09,2.23,620161061.6,IMF,30-10-2020
238,Mobile Wallet,Oceania,Education,Increased UPI adoption,Merchant incentives and cashback offers,Regulatory uncertainty,59.83,2.3,697539079.8,RBI,13-05-2021
239,UPI,North America,Education,Integration of AI in fraud detection,Integration with super apps,Digital literacy gaps,60.94,14.1,703142304.9,KPMG,05-12-2018
240,BNPL,South America,Healthcare,Expansion of QR-based systems,Pandemic-driven cashless preference,Digital literacy gaps,89.74,1.89,901371686.1,Deloitte,06-10-2025
241,Crypto Payment,Asia-Pacific,Retail,Increased UPI adoption,Increased smartphone penetration,Digital literacy gaps,66.63,-4.01,928837594.9,Statista,12-07-2021
242,Net Banking,Africa,Food Delivery,Integration of AI in fraud detection,Pandemic-driven cashless preference,Data privacy concerns,40.56,2.21,834815909.5,Accenture,13-05-2022
243,QR Code Payment,Middle East,Food Delivery,Increased UPI adoption,Financial inclusion efforts,Merchant acceptance issues,33.49,8.11,838835983,Deloitte,27-10-2021
244,Cross-border Transfer,Africa,Education,Emergence of crypto transactions,Government digital initiatives,Data privacy concerns,80.93,8.52,228910251.5,BCG,15-03-2024
245,BNPL,Europe,Finance,Integration of AI in fraud detection,Pandemic-driven cashless preference,Cross-border compliance barriers,49.2,2.39,74433177.04,World Bank,02-01-2021
246,BNPL,South America,Food Delivery,Integration of AI in fraud detection,Merchant incentives and cashback offers,Merchant acceptance issues,36.93,-4.84,308959187.7,PwC,14-01-2022
247,Credit Card,Europe,E-commerce,Shift toward digital wallets,Integration with super apps,Network dependency,66.2,10.37,104189634.4,IMF,03-01-2019
248,Contactless NFC,North America,Finance,Expansion of QR-based systems,Merchant incentives and cashback offers,Regulatory uncertainty,30.8,7.41,779389936.5,McKinsey,10-04-2024
249,Cross-border Transfer,Africa,Food Delivery,Integration of AI in fraud detection,Enhanced security features,Technical outages,47.48,3.05,146788885.8,BCG,16-11-2019
250,Mobile Wallet,Middle East,Travel & Tourism,Cross-border remittance growth,Pandemic-driven cashless preference,Merchant acceptance issues,46.36,2.4,625408654.1,Deloitte,29-08-2024
251,Net Banking,Middle East,E-commerce,Shift toward digital wallets,Increased smartphone penetration,Cybersecurity risks,91.67,4.97,620571995.7,KPMG,11-09-2021
252,QR Code Payment,Middle East,Finance,Shift toward digital wallets,Increased smartphone penetration,Merchant acceptance issues,69.21,15.86,479530732.7,BCG,29-12-2019
253,QR Code Payment,Asia-Pacific,Utilities,Expansion of QR-based systems,Consumer convenience and speed,Merchant acceptance issues,54.44,19.49,393542194.6,Deloitte,12-04-2019
254,Net Banking,Africa,Entertainment,Shift toward digital wallets,Financial inclusion efforts,Cybersecurity risks,91.95,8.85,708658684.2,PwC,01-12-2022
255,Credit Card,Oceania,Education,Cross-border remittance growth,Enhanced security features,Data privacy concerns,45.73,14.76,715521154.9,RBI,25-03-2022
256,Crypto Payment,Africa,Utilities,Expansion of QR-based systems,Integration with super apps,Digital literacy gaps,62.93,22.61,692017157,Statista,05-02-2024
257,QR Code Payment,South America,Entertainment,Expansion of QR-based systems,Pandemic-driven cashless preference,Low rural adoption,79.98,14.73,355653810.6,Deloitte,04-04-2025
258,UPI,Africa,Education,Emergence of crypto transactions,Integration with super apps,Low rural adoption,30.69,2.76,511165564.3,Accenture,26-10-2023
259,Cross-border Transfer,South America,Finance,Growth in BNPL usage,Low transaction costs,Merchant acceptance issues,55.42,18.17,589001366.6,World Bank,12-08-2023
260,QR Code Payment,North America,Utilities,Increased UPI adoption,Increased smartphone penetration,Regulatory uncertainty,89.84,-2.42,831486427,IMF,04-08-2019
261,Mobile Wallet,Asia-Pacific,Utilities,Growth in BNPL usage,Financial inclusion efforts,Network dependency,52.64,-2.07,722271949.3,IMF,28-01-2023
262,Credit Card,Asia-Pacific,Retail,Increased UPI adoption,Government digital initiatives,Merchant acceptance issues,72.12,15.31,165189738.8,Accenture,26-09-2020
263,Debit Card,Africa,Food Delivery,Emergence of crypto transactions,Financial inclusion efforts,Regulatory uncertainty,92.3,1.96,405642388.8,World Bank,26-01-2020
264,BNPL,Middle East,Retail,Expansion of QR-based systems,Consumer convenience and speed,Network dependency,68.49,6.67,705030880.3,PwC,22-04-2020
265,Credit Card,Africa,E-commerce,Adoption of biometric authentication,Enhanced security features,Merchant acceptance issues,51.19,8.73,263091042.1,Accenture,28-06-2023
266,QR Code Payment,Africa,Education,Expansion of QR-based systems,Integration with super apps,Cross-border compliance barriers,37.43,5.56,458402725.6,PwC,08-12-2019
267,Cross-border Transfer,Africa,E-commerce,Shift toward digital wallets,Merchant incentives and cashback offers,Low rural adoption,45.51,-1.49,373932764.9,Accenture,03-08-2019
268,BNPL,Middle East,Finance,Shift toward digital wallets,Regulatory reforms supporting fintech,Regulatory uncertainty,57.5,9.6,537841890.7,World Bank,27-03-2025
269,Contactless NFC,Europe,Utilities,Decline in cash transactions,Enhanced security features,Technical outages,50.45,8.53,54557651.37,Statista,10-01-2022
270,Crypto Payment,Europe,Transportation,Integration of AI in fraud detection,Financial inclusion efforts,Digital literacy gaps,72.45,7.27,492234154.1,KPMG,18-12-2025
271,Crypto Payment,Europe,E-commerce,Expansion of QR-based systems,Government digital initiatives,High transaction fees,48.99,3.25,538071009.6,KPMG,20-11-2019
272,Cross-border Transfer,South America,Utilities,Adoption of biometric authentication,Financial inclusion efforts,Low rural adoption,67.23,3.04,543563075.9,Accenture,11-02-2022
273,UPI,Oceania,Utilities,Adoption of biometric authentication,Consumer convenience and speed,Regulatory uncertainty,36.66,19.9,751594149.3,Statista,04-05-2021
274,Crypto Payment,Asia-Pacific,Healthcare,Increased UPI adoption,Low transaction costs,Low rural adoption,80.42,2.11,810892014.1,IMF,05-08-2024
275,Cross-border Transfer,South America,Education,Shift toward digital wallets,Regulatory reforms supporting fintech,Technical outages,81.02,19.41,805635052.9,IMF,24-05-2024
276,Contactless NFC,Asia-Pacific,Finance,Adoption of biometric authentication,Enhanced security features,Merchant acceptance issues,93.64,3.78,573162844.2,RBI,09-10-2023
277,Debit Card,Oceania,Education,Rise in contactless payments,Increased smartphone penetration,Technical outages,75.59,-1.02,147097200,McKinsey,12-08-2021
278,BNPL,Middle East,Food Delivery,Expansion of QR-based systems,Increased smartphone penetration,Regulatory uncertainty,54.39,-2.73,794804032,BCG,17-01-2019
279,Contactless NFC,South America,Travel & Tourism,Emergence of crypto transactions,Low transaction costs,Network dependency,51.27,-4.93,774361155.2,KPMG,17-01-2019
280,QR Code Payment,Oceania,E-commerce,Adoption of biometric authentication,Integration with super apps,High transaction fees,92.93,19.75,495220232.6,PwC,15-08-2021
281,QR Code Payment,Africa,Finance,Shift toward digital wallets,Regulatory reforms supporting fintech,Network dependency,81.24,21.82,762491768.4,RBI,08-07-2018
282,Crypto Payment,North America,E-commerce,Shift toward digital wallets,Low transaction costs,Network dependency,30.04,23.74,203115888.2,World Bank,21-09-2025
283,Mobile Wallet,Europe,Travel & Tourism,Increased UPI adoption,Merchant incentives and cashback offers,Data privacy concerns,35.36,14.94,649262297.9,BCG,01-08-2018
284,Mobile Wallet,South America,Transportation,Integration of AI in fraud detection,Pandemic-driven cashless preference,Low rural adoption,30.07,9.3,133567092.3,Accenture,15-07-2020
285,Crypto Payment,North America,Retail,Emergence of crypto transactions,Pandemic-driven cashless preference,Regulatory uncertainty,75.11,9.33,229717920.6,RBI,01-01-2019
286,Credit Card,Asia-Pacific,Healthcare,Decline in cash transactions,Enhanced security features,Regulatory uncertainty,80.27,17.59,134013085,World Bank,05-08-2025
287,Credit Card,Africa,Finance,Rise in contactless payments,Regulatory reforms supporting fintech,Technical outages,58.61,16.67,628451958.3,BCG,13-09-2019
288,Cross-border Transfer,South America,Utilities,Growth in BNPL usage,Pandemic-driven cashless preference,Low rural adoption,39.1,-1.31,730279139.8,BCG,10-12-2021
289,QR Code Payment,Oceania,Food Delivery,Growth in BNPL usage,Increased smartphone penetration,Low rural adoption,46.13,13.03,721458459.2,Statista,13-03-2021
290,Mobile Wallet,Europe,Entertainment,Expansion of QR-based systems,Financial inclusion efforts,High transaction fees,78.61,3.87,55514561.88,KPMG,07-09-2020
291,BNPL,North America,Transportation,Cross-border remittance growth,Regulatory reforms supporting fintech,Low rural adoption,64.34,24.33,986895650.3,World Bank,20-07-2021
292,BNPL,Oceania,Finance,Integration of AI in fraud detection,Merchant incentives and cashback offers,Digital literacy gaps,74.39,17.88,954498531,Statista,26-10-2018
293,Cross-border Transfer,North America,Retail,Decline in cash transactions,Consumer convenience and speed,Cybersecurity risks,89.97,23.46,398577048.9,Accenture,19-03-2021
294,BNPL,Middle East,Education,Increased UPI adoption,Financial inclusion efforts,Digital literacy gaps,70.04,3.32,310596978.7,McKinsey,26-09-2023
295,Debit Card,Africa,Healthcare,Integration of AI in fraud detection,Regulatory reforms supporting fintech,Low rural adoption,50.16,8.12,953474548.7,Statista,04-09-2020
296,Net Banking,North America,Education,Increased UPI adoption,Low transaction costs,Cross-border compliance barriers,69.57,4.28,741951815.6,RBI,21-12-2019
297,UPI,South America,Food Delivery,Rise in contactless payments,Enhanced security features,Network dependency,91.95,10.69,783204114.4,World Bank,27-11-2020
298,QR Code Payment,Europe,Travel & Tourism,Increased UPI adoption,Government digital initiatives,Merchant acceptance issues,82.46,3.16,64808117.13,Deloitte,27-12-2025
299,Credit Card,Middle East,Utilities,Adoption of biometric authentication,Merchant incentives and cashback offers,Cybersecurity risks,62.47,12.01,368320090.1,RBI,10-11-2020
300,Cross-border Transfer,South America,E-commerce,Growth in BNPL usage,Financial inclusion efforts,Cybersecurity risks,32.86,20.89,245306898.9,IMF,17-04-2023
301,BNPL,Europe,Food Delivery,Rise in contactless payments,Financial inclusion efforts,Regulatory uncertainty,44.59,2.45,915938910.1,PwC,03-08-2021
302,Credit Card,Africa,Healthcare,Increased UPI adoption,Financial inclusion efforts,Cybersecurity risks,41.66,19.13,981432450.1,RBI,01-07-2022
303,Crypto Payment,Oceania,Travel & Tourism,Decline in cash transactions,Merchant incentives and cashback offers,Low rural adoption,65.95,-4.76,201470482.3,PwC,28-04-2024
304,Cross-border Transfer,Europe,Utilities,Emergence of crypto transactions,Regulatory reforms supporting fintech,Network dependency,94.86,18.28,732730873.4,McKinsey,17-02-2024
305,Debit Card,North America,Education,Rise in contactless payments,Consumer convenience and speed,Digital literacy gaps,52.52,20.19,877321415.6,Statista,04-10-2021
306,BNPL,Oceania,Travel & Tourism,Increased UPI adoption,Consumer convenience and speed,Digital literacy gaps,93.9,7.59,961223875.8,PwC,07-08-2019
307,Credit Card,North America,Transportation,Adoption of biometric authentication,Integration with super apps,Merchant acceptance issues,59.8,17.44,581189856.8,World Bank,02-09-2023
308,BNPL,North America,Finance,Expansion of QR-based systems,Government digital initiatives,Regulatory uncertainty,73.06,-1.08,292384348,BCG,14-07-2021
309,QR Code Payment,Asia-Pacific,Utilities,Decline in cash transactions,Consumer convenience and speed,Low rural adoption,91.33,-0.92,770376473.5,World Bank,23-03-2019
310,Credit Card,Europe,Utilities,Cross-border remittance growth,Merchant incentives and cashback offers,Regulatory uncertainty,37.85,5.75,770566412,PwC,26-01-2023
311,Crypto Payment,Asia-Pacific,E-commerce,Increased UPI adoption,Enhanced security features,Data privacy concerns,83.72,15.91,41289478.3,World Bank,04-09-2021
312,Credit Card,South America,Transportation,Emergence of crypto transactions,Integration with super apps,Digital literacy gaps,33.18,3.97,820269526.2,Statista,14-12-2019
313,BNPL,Oceania,Utilities,Adoption of biometric authentication,Financial inclusion efforts,High transaction fees,36.16,-1.94,794015933,Statista,13-05-2019
314,UPI,Oceania,Transportation,Shift toward digital wallets,Consumer convenience and speed,Regulatory uncertainty,54.2,13.91,645040330.7,Deloitte,13-07-2024
315,Mobile Wallet,Oceania,E-commerce,Rise in contactless payments,Pandemic-driven cashless preference,High transaction fees,88.66,8.3,129662757.5,RBI,20-09-2021
316,UPI,Middle East,Retail,Shift toward digital wallets,Regulatory reforms supporting fintech,Regulatory uncertainty,83.41,6.85,30452810.71,BCG,30-08-2025
317,Debit Card,Asia-Pacific,Transportation,Shift toward digital wallets,Increased smartphone penetration,Data privacy concerns,58.99,-0.54,614492471.2,McKinsey,02-12-2024
318,Mobile Wallet,Middle East,Education,Adoption of biometric authentication,Low transaction costs,Cybersecurity risks,35.7,6.49,419815586.4,Accenture,17-03-2025
319,Net Banking,South America,Entertainment,Rise in contactless payments,Integration with super apps,Merchant acceptance issues,61.18,18.44,344690085.7,Accenture,05-05-2024
320,QR Code Payment,Middle East,Travel & Tourism,Shift toward digital wallets,Government digital initiatives,Merchant acceptance issues,68.81,-4.12,810878676.3,Statista,24-02-2021
321,Crypto Payment,Africa,Healthcare,Expansion of QR-based systems,Consumer convenience and speed,Technical outages,36.51,14.71,267260474.1,McKinsey,18-08-2018
322,Cross-border Transfer,Oceania,Education,Emergence of crypto transactions,Enhanced security features,Technical outages,45.38,4.54,738366996,Deloitte,09-01-2022
323,UPI,South America,Healthcare,Expansion of QR-based systems,Regulatory reforms supporting fintech,Technical outages,66.6,0.65,988018204.2,Accenture,10-07-2023
324,Mobile Wallet,Europe,Utilities,Rise in contactless payments,Pandemic-driven cashless preference,Cybersecurity risks,45.12,1.56,526922065.6,IMF,03-01-2018
325,Cross-border Transfer,Europe,Food Delivery,Emergence of crypto transactions,Enhanced security features,Merchant acceptance issues,33.87,-0.57,704991645.4,RBI,04-08-2019
326,Contactless NFC,Oceania,Healthcare,Increased UPI adoption,Merchant incentives and cashback offers,Regulatory uncertainty,68.09,5.1,323280601.2,BCG,08-10-2019
327,Crypto Payment,South America,Healthcare,Shift toward digital wallets,Financial inclusion efforts,Cross-border compliance barriers,81.15,1.7,589361205.6,BCG,20-12-2019
328,Mobile Wallet,South America,Travel & Tourism,Shift toward digital wallets,Enhanced security features,Cybersecurity risks,91.67,23.46,392209825.9,Statista,13-05-2024
329,Debit Card,Africa,Healthcare,Expansion of QR-based systems,Consumer convenience and speed,Cross-border compliance barriers,36.77,9.89,331837257.7,McKinsey,15-11-2018
330,QR Code Payment,Asia-Pacific,Food Delivery,Increased UPI adoption,Merchant incentives and cashback offers,Network dependency,30.74,1.29,693482900.2,PwC,06-12-2021
331,Credit Card,South America,Retail,Rise in contactless payments,Integration with super apps,Network dependency,77.62,24.07,884667445.6,BCG,13-07-2023
332,QR Code Payment,Africa,Education,Increased UPI adoption,Low transaction costs,Cross-border compliance barriers,72.31,15.61,163493855.2,Statista,29-10-2018
333,Mobile Wallet,North America,Healthcare,Decline in cash transactions,Pandemic-driven cashless preference,Low rural adoption,52.22,21.64,161743590.4,Accenture,04-11-2018
334,Credit Card,Asia-Pacific,Finance,Expansion of QR-based systems,Low transaction costs,Cybersecurity risks,58.04,14.61,607710308,World Bank,14-11-2022
335,UPI,North America,Healthcare,Growth in BNPL usage,Consumer convenience and speed,Regulatory uncertainty,75.32,16.66,730244031.7,PwC,22-12-2020
336,Mobile Wallet,Europe,E-commerce,Rise in contactless payments,Integration with super apps,Cross-border compliance barriers,65.73,9.73,55450346.85,BCG,16-01-2018
337,Credit Card,Asia-Pacific,Finance,Cross-border remittance growth,Consumer convenience and speed,Low rural adoption,31.67,0.12,292519654.6,KPMG,02-12-2018
338,Credit Card,Asia-Pacific,Education,Cross-border remittance growth,Low transaction costs,Data privacy concerns,35.92,11.32,185696339.3,IMF,12-04-2022
339,Debit Card,Middle East,Retail,Decline in cash transactions,Low transaction costs,Network dependency,47.12,20.11,564682341.3,RBI,12-09-2019
340,Credit Card,South America,Healthcare,Adoption of biometric authentication,Integration with super apps,Cross-border compliance barriers,44.79,-3.17,387718990.8,BCG,11-11-2023
341,Contactless NFC,South America,Utilities,Expansion of QR-based systems,Consumer convenience and speed,Network dependency,49.43,6.84,854085881.9,Accenture,23-05-2018
342,Cross-border Transfer,Africa,Finance,Expansion of QR-based systems,Enhanced security features,Low rural adoption,91.7,8.47,949112421.6,McKinsey,16-11-2019
343,Net Banking,Europe,Retail,Integration of AI in fraud detection,Pandemic-driven cashless preference,Regulatory uncertainty,43.12,19.68,148730372.5,PwC,03-09-2024
344,QR Code Payment,South America,E-commerce,Increased UPI adoption,Integration with super apps,Digital literacy gaps,55.83,4.78,276924619.1,Statista,20-02-2023
345,Cross-border Transfer,Africa,Entertainment,Integration of AI in fraud detection,Pandemic-driven cashless preference,Regulatory uncertainty,39.73,12,583094409.8,RBI,15-02-2019
346,Cross-border Transfer,Oceania,E-commerce,Decline in cash transactions,Financial inclusion efforts,Merchant acceptance issues,87.06,2.92,655132883,Deloitte,01-06-2024
347,Crypto Payment,North America,Food Delivery,Decline in cash transactions,Integration with super apps,Technical outages,70.19,15.42,402318178.4,IMF,10-06-2022
348,Net Banking,North America,Utilities,Decline in cash transactions,Merchant incentives and cashback offers,Cybersecurity risks,51.96,18.81,311638348.6,RBI,07-07-2023
349,Net Banking,Europe,Travel & Tourism,Cross-border remittance growth,Merchant incentives and cashback offers,Data privacy concerns,77.37,13.15,90197563.45,McKinsey,15-12-2022
350,BNPL,South America,Utilities,Adoption of biometric authentication,Merchant incentives and cashback offers,Cybersecurity risks,63.49,-0.23,311811970.2,BCG,07-09-2023
351,Debit Card,Oceania,Entertainment,Expansion of QR-based systems,Government digital initiatives,Technical outages,42.53,19.99,837139700.9,Statista,18-10-2020
352,Crypto Payment,North America,Healthcare,Growth in BNPL usage,Increased smartphone penetration,Merchant acceptance issues,83.53,10.15,635774399.3,Statista,23-05-2019
353,Net Banking,Asia-Pacific,Utilities,Expansion of QR-based systems,Low transaction costs,Technical outages,92.43,9.24,551782386.9,World Bank,11-11-2021
354,Mobile Wallet,South America,E-commerce,Decline in cash transactions,Government digital initiatives,Regulatory uncertainty,33.23,20.61,780050305,McKinsey,27-05-2020
355,Net Banking,South America,Transportation,Decline in cash transactions,Integration with super apps,Digital literacy gaps,31.3,18.41,767805155.7,KPMG,06-02-2018
356,Debit Card,South America,Food Delivery,Expansion of QR-based systems,Government digital initiatives,High transaction fees,46.41,19.15,306154238.7,PwC,15-12-2025
357,BNPL,Middle East,Healthcare,Cross-border remittance growth,Increased smartphone penetration,High transaction fees,60.34,15.32,824486510.7,Deloitte,15-06-2022
358,Credit Card,North America,Entertainment,Emergence of crypto transactions,Financial inclusion efforts,Cross-border compliance barriers,69.59,3.95,108996426.1,IMF,19-09-2018
359,Mobile Wallet,South America,Healthcare,Decline in cash transactions,Increased smartphone penetration,Data privacy concerns,42.24,10.52,241061775.6,Deloitte,21-08-2018
360,BNPL,South America,Healthcare,Shift toward digital wallets,Government digital initiatives,Network dependency,94.84,2.78,419147120.4,Statista,10-05-2022
361,Cross-border Transfer,South America,Finance,Growth in BNPL usage,Merchant incentives and cashback offers,High transaction fees,74.61,14.15,476259466.5,IMF,14-07-2025
362,Contactless NFC,Asia-Pacific,Food Delivery,Adoption of biometric authentication,Enhanced security features,Data privacy concerns,36.34,-1.16,259393198.7,World Bank,08-04-2024
363,QR Code Payment,South America,E-commerce,Growth in BNPL usage,Merchant incentives and cashback offers,High transaction fees,78.37,4.21,788302346.4,IMF,19-09-2021
364,Mobile Wallet,Africa,Travel & Tourism,Cross-border remittance growth,Pandemic-driven cashless preference,Network dependency,33.49,14.03,580732795.3,RBI,17-12-2024
365,Crypto Payment,Europe,Entertainment,Increased UPI adoption,Integration with super apps,Digital literacy gaps,49.39,-3.38,854385530.6,McKinsey,17-07-2019
366,QR Code Payment,Middle East,Finance,Cross-border remittance growth,Enhanced security features,Merchant acceptance issues,86.06,0.41,81730655.46,World Bank,24-09-2021
367,QR Code Payment,South America,Retail,Rise in contactless payments,Low transaction costs,Data privacy concerns,43.61,18.21,576702636.8,KPMG,11-10-2019
368,Credit Card,Europe,Finance,Integration of AI in fraud detection,Integration with super apps,Regulatory uncertainty,57.89,9.32,5664468.44,McKinsey,27-12-2023
369,QR Code Payment,North America,Healthcare,Adoption of biometric authentication,Consumer convenience and speed,Cybersecurity risks,73.99,13.8,249574299.8,IMF,11-10-2025
370,Mobile Wallet,Europe,E-commerce,Integration of AI in fraud detection,Financial inclusion efforts,Cross-border compliance barriers,49.9,-3.04,46672633.39,KPMG,06-04-2021
371,Contactless NFC,Africa,Entertainment,Emergence of crypto transactions,Integration with super apps,Technical outages,52.28,22.04,359891635.5,World Bank,11-02-2020
372,BNPL,North America,Transportation,Growth in BNPL usage,Enhanced security features,High transaction fees,77.71,12.69,169815757.2,Statista,10-02-2022
373,BNPL,South America,Travel & Tourism,Adoption of biometric authentication,Regulatory reforms supporting fintech,Cybersecurity risks,68.61,-3.56,109005336.8,Statista,22-03-2018
374,Credit Card,Middle East,Utilities,Integration of AI in fraud detection,Pandemic-driven cashless preference,Digital literacy gaps,46.43,16.06,206289420.7,Statista,09-09-2025
375,Mobile Wallet,Middle East,E-commerce,Adoption of biometric authentication,Increased smartphone penetration,Cross-border compliance barriers,69.37,-0.89,830822067.8,Accenture,06-03-2019
376,Cross-border Transfer,North America,Travel & Tourism,Increased UPI adoption,Pandemic-driven cashless preference,Network dependency,42.91,0.99,263730921.7,McKinsey,13-11-2023
377,QR Code Payment,South America,Education,Decline in cash transactions,Enhanced security features,Cybersecurity risks,65.63,22.31,688515711.5,IMF,23-05-2023
378,Net Banking,North America,Retail,Increased UPI adoption,Pandemic-driven cashless preference,Cross-border compliance barriers,73.49,-0.53,90992590.9,RBI,27-09-2023
379,Credit Card,Asia-Pacific,Transportation,Cross-border remittance growth,Increased smartphone penetration,Data privacy concerns,60.18,-2.01,175527107.1,PwC,11-06-2018
380,QR Code Payment,Oceania,Healthcare,Integration of AI in fraud detection,Pandemic-driven cashless preference,Low rural adoption,85.33,21.71,10662655.4,World Bank,21-07-2019
381,QR Code Payment,Asia-Pacific,Utilities,Expansion of QR-based systems,Increased smartphone penetration,Low rural adoption,54.22,5.28,114718167.9,KPMG,28-06-2022
382,Mobile Wallet,Oceania,Education,Cross-border remittance growth,Integration with super apps,Technical outages,37.35,15.89,59587749.27,RBI,15-10-2019
383,BNPL,Africa,Utilities,Expansion of QR-based systems,Low transaction costs,Technical outages,69.74,18.37,611747060.9,World Bank,04-09-2025
384,Crypto Payment,Middle East,E-commerce,Integration of AI in fraud detection,Low transaction costs,Cybersecurity risks,34.12,14.65,13347852.77,Accenture,08-08-2025
385,Cross-border Transfer,South America,Finance,Growth in BNPL usage,Merchant incentives and cashback offers,Digital literacy gaps,64,16.02,96146896.31,McKinsey,03-06-2025
386,Crypto Payment,Asia-Pacific,Education,Shift toward digital wallets,Financial inclusion efforts,Cross-border compliance barriers,33.55,14.3,157770445.9,KPMG,07-04-2023
387,Debit Card,North America,Utilities,Emergence of crypto transactions,Consumer convenience and speed,Merchant acceptance issues,93.06,-3.49,223483816.7,BCG,20-03-2025
388,BNPL,Oceania,Transportation,Increased UPI adoption,Low transaction costs,Network dependency,82.08,8.44,856732635,IMF,06-01-2023
389,Credit Card,Middle East,Retail,Increased UPI adoption,Integration with super apps,Regulatory uncertainty,32.33,11.47,826082849.7,Deloitte,10-10-2024
390,Mobile Wallet,Africa,Entertainment,Growth in BNPL usage,Low transaction costs,Merchant acceptance issues,53.62,-3.37,223695196.3,IMF,05-02-2023
391,Contactless NFC,Oceania,Finance,Expansion of QR-based systems,Low transaction costs,Merchant acceptance issues,76.53,-1.58,759560631.1,Statista,27-06-2020
392,QR Code Payment,Asia-Pacific,Travel & Tourism,Adoption of biometric authentication,Financial inclusion efforts,Merchant acceptance issues,75.64,-3.63,164991212.3,BCG,30-07-2019
393,Credit Card,Asia-Pacific,Finance,Growth in BNPL usage,Consumer convenience and speed,Low rural adoption,90.46,6.79,457588962.3,IMF,20-02-2020
394,Credit Card,Oceania,Education,Rise in contactless payments,Regulatory reforms supporting fintech,Low rural adoption,80.19,8.52,658798238.3,World Bank,28-08-2023
395,Crypto Payment,North America,Entertainment,Rise in contactless payments,Financial inclusion efforts,Regulatory uncertainty,84.52,9.49,508824566.2,Deloitte,27-12-2019
396,Debit Card,South America,Food Delivery,Increased UPI adoption,Integration with super apps,Cross-border compliance barriers,69.4,4.66,881509176.4,Deloitte,11-09-2022
397,Net Banking,Asia-Pacific,Education,Emergence of crypto transactions,Increased smartphone penetration,Network dependency,82.31,-0.85,602921925.2,PwC,30-09-2023
398,Contactless NFC,Oceania,Healthcare,Adoption of biometric authentication,Consumer convenience and speed,High transaction fees,43.63,16.43,686924686,World Bank,17-07-2025
399,Debit Card,Africa,Entertainment,Emergence of crypto transactions,Pandemic-driven cashless preference,Merchant acceptance issues,66.55,12.48,942730977.2,BCG,18-12-2025
400,Contactless NFC,Asia-Pacific,Education,Rise in contactless payments,Financial inclusion efforts,Low rural adoption,31.64,-0.64,670583924.6,PwC,29-03-2020
401,Debit Card,Asia-Pacific,Travel & Tourism,Shift toward digital wallets,Government digital initiatives,Data privacy concerns,43.26,11.24,359323754.9,RBI,28-01-2023
402,Cross-border Transfer,Oceania,Entertainment,Growth in BNPL usage,Financial inclusion efforts,Regulatory uncertainty,45.44,18.53,799022930.7,Statista,24-03-2021
403,BNPL,Middle East,Education,Emergence of crypto transactions,Financial inclusion efforts,Cybersecurity risks,30.84,2.54,620941133.9,McKinsey,20-12-2022
404,QR Code Payment,Oceania,Finance,Adoption of biometric authentication,Regulatory reforms supporting fintech,High transaction fees,80.45,23.93,294883544.1,RBI,28-12-2019
405,Debit Card,Europe,Entertainment,Increased UPI adoption,Integration with super apps,Cybersecurity risks,57.85,11.7,130936463.6,PwC,20-07-2024
406,UPI,Asia-Pacific,Utilities,Shift toward digital wallets,Government digital initiatives,Technical outages,90.36,12.91,773887288.9,Deloitte,05-01-2025
407,Mobile Wallet,Middle East,Finance,Adoption of biometric authentication,Merchant incentives and cashback offers,Low rural adoption,80.96,4.54,220742053.4,Accenture,24-01-2020
408,Credit Card,Oceania,Entertainment,Shift toward digital wallets,Integration with super apps,Digital literacy gaps,64.91,-2.24,221976883,IMF,23-05-2020
409,QR Code Payment,Asia-Pacific,Travel & Tourism,Growth in BNPL usage,Regulatory reforms supporting fintech,Digital literacy gaps,60.87,11.84,752381623,Statista,13-04-2025
410,Credit Card,South America,Healthcare,Cross-border remittance growth,Consumer convenience and speed,Cross-border compliance barriers,89.71,2.31,40837371.18,BCG,07-08-2021
411,Credit Card,Middle East,Travel & Tourism,Adoption of biometric authentication,Increased smartphone penetration,Cybersecurity risks,89.24,19.66,375583084.1,KPMG,15-09-2023
412,Crypto Payment,North America,Travel & Tourism,Growth in BNPL usage,Merchant incentives and cashback offers,Digital literacy gaps,35.35,-2.12,971657141.1,Accenture,13-01-2024
413,UPI,South America,E-commerce,Growth in BNPL usage,Consumer convenience and speed,Regulatory uncertainty,84.32,1.17,828919922.3,RBI,18-11-2022
414,Debit Card,North America,Utilities,Emergence of crypto transactions,Government digital initiatives,Low rural adoption,34.76,0.34,252656093,Deloitte,16-10-2018
415,Net Banking,Asia-Pacific,Education,Integration of AI in fraud detection,Low transaction costs,Regulatory uncertainty,58.15,-4.49,673625433.6,Statista,31-12-2023
416,Cross-border Transfer,North America,Finance,Rise in contactless payments,Pandemic-driven cashless preference,Merchant acceptance issues,90.32,-1.82,787105005.8,Deloitte,19-05-2021
417,Credit Card,Asia-Pacific,Utilities,Integration of AI in fraud detection,Integration with super apps,Cybersecurity risks,60.81,11,137245078.9,Accenture,21-05-2022
418,Mobile Wallet,South America,Food Delivery,Decline in cash transactions,Merchant incentives and cashback offers,Cybersecurity risks,65.98,11.65,124111923.8,Deloitte,21-01-2018
419,Cross-border Transfer,Middle East,Entertainment,Adoption of biometric authentication,Pandemic-driven cashless preference,Data privacy concerns,43.65,17.24,726211409.4,BCG,17-05-2020
420,Contactless NFC,Europe,Food Delivery,Shift toward digital wallets,Consumer convenience and speed,Cross-border compliance barriers,84.26,0.83,182176626.8,Statista,12-05-2024
421,Contactless NFC,Middle East,Entertainment,Increased UPI adoption,Increased smartphone penetration,Low rural adoption,46.29,0.92,581015057.8,IMF,17-09-2021
422,Debit Card,South America,Transportation,Increased UPI adoption,Increased smartphone penetration,Cross-border compliance barriers,34.54,0.8,486375369,Deloitte,06-09-2021
423,Mobile Wallet,South America,Finance,Shift toward digital wallets,Regulatory reforms supporting fintech,Cross-border compliance barriers,53.69,4.49,428879085.6,IMF,20-01-2018
424,Net Banking,Oceania,Transportation,Integration of AI in fraud detection,Increased smartphone penetration,Merchant acceptance issues,38.73,16.99,878007943.7,KPMG,11-03-2023
425,QR Code Payment,Oceania,Travel & Tourism,Cross-border remittance growth,Financial inclusion efforts,Low rural adoption,41.43,13.2,841951202.3,Accenture,28-07-2019
426,Net Banking,Asia-Pacific,E-commerce,Increased UPI adoption,Government digital initiatives,Digital literacy gaps,71.06,19.38,579321886.5,McKinsey,13-08-2024
427,UPI,Africa,Travel & Tourism,Adoption of biometric authentication,Financial inclusion efforts,Network dependency,72.5,-0.54,393105847.5,PwC,12-08-2024
428,Debit Card,Middle East,Entertainment,Adoption of biometric authentication,Pandemic-driven cashless preference,Regulatory uncertainty,53.65,-4.68,239641923.7,World Bank,20-11-2024
429,Contactless NFC,Europe,Utilities,Shift toward digital wallets,Enhanced security features,Cross-border compliance barriers,91.67,14.78,967767824.3,IMF,04-06-2023
430,UPI,Europe,Utilities,Growth in BNPL usage,Pandemic-driven cashless preference,Data privacy concerns,54.01,-3.72,207567300.6,BCG,19-01-2022
431,Crypto Payment,Middle East,Retail,Rise in contactless payments,Merchant incentives and cashback offers,Low rural adoption,75.74,10.64,829817508.5,Deloitte,14-12-2020
432,Contactless NFC,Africa,Food Delivery,Integration of AI in fraud detection,Integration with super apps,Merchant acceptance issues,68.2,21.95,78759633.57,BCG,27-10-2020
433,Net Banking,Africa,Education,Emergence of crypto transactions,Merchant incentives and cashback offers,Network dependency,81.52,21.62,7591088.89,KPMG,24-07-2019
434,Debit Card,Europe,E-commerce,Adoption of biometric authentication,Increased smartphone penetration,High transaction fees,39.77,-0.28,602418256.2,McKinsey,30-04-2019
435,BNPL,Oceania,Healthcare,Increased UPI adoption,Low transaction costs,Network dependency,61.14,12.72,647611974.9,Statista,11-08-2022
436,Net Banking,North America,Food Delivery,Expansion of QR-based systems,Regulatory reforms supporting fintech,Technical outages,38.76,10.38,890906873.8,Statista,25-08-2019
437,Debit Card,Asia-Pacific,Food Delivery,Adoption of biometric authentication,Integration with super apps,Cross-border compliance barriers,93,14.13,878630474,PwC,03-06-2025
438,Credit Card,Europe,Utilities,Expansion of QR-based systems,Low transaction costs,Network dependency,41.09,19.91,601237875.7,World Bank,14-07-2024
439,Cross-border Transfer,South America,Entertainment,Decline in cash transactions,Enhanced security features,Merchant acceptance issues,89.95,12.9,69774054.14,BCG,30-03-2022
440,Debit Card,North America,Retail,Growth in BNPL usage,Financial inclusion efforts,Digital literacy gaps,74.48,19.8,605905506.8,KPMG,28-12-2019
441,Cross-border Transfer,Africa,Retail,Adoption of biometric authentication,Financial inclusion efforts,Low rural adoption,36.06,14.78,902082771,Statista,18-01-2024
442,BNPL,Africa,Education,Emergence of crypto transactions,Government digital initiatives,Digital literacy gaps,57.88,23.15,482641324.4,IMF,11-04-2022
443,Cross-border Transfer,Oceania,Finance,Increased UPI adoption,Integration with super apps,Technical outages,46.54,17.98,910175271.3,PwC,10-12-2018
444,Cross-border Transfer,Africa,Education,Decline in cash transactions,Consumer convenience and speed,Cybersecurity risks,76.09,18.68,578409158.7,Accenture,28-04-2019
445,UPI,Middle East,Transportation,Emergence of crypto transactions,Integration with super apps,Merchant acceptance issues,36.93,7.78,585784814.7,Accenture,06-12-2020
446,BNPL,Africa,Healthcare,Expansion of QR-based systems,Increased smartphone penetration,Regulatory uncertainty,79.07,7.4,784004628.6,World Bank,31-05-2023
447,QR Code Payment,Africa,Entertainment,Cross-border remittance growth,Increased smartphone penetration,Data privacy concerns,67.55,18.23,398731622.1,RBI,20-07-2019
448,Net Banking,Middle East,Food Delivery,Increased UPI adoption,Consumer convenience and speed,Digital literacy gaps,56.04,5.15,551025638.4,Statista,26-10-2025
449,Debit Card,Middle East,Retail,Increased UPI adoption,Enhanced security features,Network dependency,90.18,8.06,65016375.91,IMF,27-06-2020
450,Credit Card,Africa,Retail,Integration of AI in fraud detection,Integration with super apps,Cross-border compliance barriers,72.65,3.59,963566292.4,World Bank,24-08-2018
451,Crypto Payment,Middle East,Retail,Growth in BNPL usage,Financial inclusion efforts,Data privacy concerns,42.66,18.52,511037302.6,McKinsey,31-10-2025
452,Cross-border Transfer,Europe,Retail,Emergence of crypto transactions,Consumer convenience and speed,Cybersecurity risks,93.42,-2.39,276660933.3,IMF,25-06-2022
453,BNPL,Middle East,Finance,Growth in BNPL usage,Financial inclusion efforts,Cybersecurity risks,77.9,-2.94,91075691.74,Accenture,11-03-2021
454,Cross-border Transfer,Asia-Pacific,Healthcare,Decline in cash transactions,Consumer convenience and speed,Cross-border compliance barriers,92.6,8.64,404552513.2,PwC,20-01-2018
455,Debit Card,Middle East,Entertainment,Increased UPI adoption,Financial inclusion efforts,Low rural adoption,62.71,5.2,117891988.5,PwC,04-10-2023
456,Contactless NFC,Oceania,Finance,Decline in cash transactions,Low transaction costs,Regulatory uncertainty,66.61,18.1,757715811.8,KPMG,23-02-2023
457,Cross-border Transfer,Oceania,Retail,Cross-border remittance growth,Pandemic-driven cashless preference,Data privacy concerns,34.39,14.01,994203835.3,McKinsey,04-08-2025
458,QR Code Payment,Middle East,Healthcare,Adoption of biometric authentication,Financial inclusion efforts,Cybersecurity risks,75.55,2.9,288002293.3,IMF,23-06-2022
459,Credit Card,Africa,Food Delivery,Cross-border remittance growth,Merchant incentives and cashback offers,Merchant acceptance issues,44.21,12.21,183601668.2,McKinsey,30-08-2025
460,Crypto Payment,South America,Transportation,Growth in BNPL usage,Consumer convenience and speed,Data privacy concerns,43.44,1.08,250445738.5,IMF,08-12-2024
461,Debit Card,Oceania,E-commerce,Increased UPI adoption,Pandemic-driven cashless preference,Network dependency,69.9,17.93,541932480.7,KPMG,23-06-2018
462,QR Code Payment,Africa,Healthcare,Cross-border remittance growth,Regulatory reforms supporting fintech,Data privacy concerns,61.9,24.53,916090822.8,BCG,21-02-2021
463,Net Banking,Oceania,Finance,Shift toward digital wallets,Government digital initiatives,Digital literacy gaps,81.95,9.35,541227177.7,IMF,21-08-2023
464,BNPL,Oceania,Food Delivery,Cross-border remittance growth,Pandemic-driven cashless preference,Digital literacy gaps,59.9,15.68,12808158.63,BCG,13-05-2020
465,Cross-border Transfer,North America,Healthcare,Emergence of crypto transactions,Regulatory reforms supporting fintech,Data privacy concerns,42.16,2.89,270138821.3,IMF,16-11-2024
466,QR Code Payment,Europe,Utilities,Integration of AI in fraud detection,Consumer convenience and speed,Regulatory uncertainty,75.55,6.17,854471761.2,KPMG,19-02-2021
467,Debit Card,Africa,Food Delivery,Expansion of QR-based systems,Consumer convenience and speed,Low rural adoption,76.85,19.12,555784707.4,McKinsey,10-04-2022
468,Debit Card,Oceania,Food Delivery,Cross-border remittance growth,Government digital initiatives,Technical outages,57.4,-0.97,893377139.1,Accenture,27-01-2025
469,Contactless NFC,South America,Healthcare,Cross-border remittance growth,Increased smartphone penetration,Data privacy concerns,66.54,12.04,399003500,World Bank,29-09-2025
470,UPI,Europe,Travel & Tourism,Cross-border remittance growth,Pandemic-driven cashless preference,Network dependency,78.4,2.79,360946273.5,PwC,02-04-2024
471,QR Code Payment,North America,Education,Increased UPI adoption,Merchant incentives and cashback offers,Cross-border compliance barriers,42.93,12.28,649481821,PwC,16-12-2019
472,QR Code Payment,Asia-Pacific,Entertainment,Cross-border remittance growth,Low transaction costs,Low rural adoption,54.77,3.6,632080478.3,World Bank,17-08-2019
473,QR Code Payment,Middle East,Finance,Expansion of QR-based systems,Integration with super apps,Low rural adoption,35.14,5.31,314168581.3,PwC,28-04-2025
474,Mobile Wallet,Africa,Education,Decline in cash transactions,Low transaction costs,Merchant acceptance issues,78.61,10.63,450838367.8,World Bank,17-11-2019
475,UPI,Europe,Transportation,Decline in cash transactions,Pandemic-driven cashless preference,High transaction fees,40.85,-1.91,64728607.19,Accenture,23-04-2023
476,UPI,North America,Education,Adoption of biometric authentication,Pandemic-driven cashless preference,Low rural adoption,47.06,-0.34,655177842.9,PwC,16-05-2022
477,Net Banking,Europe,Travel & Tourism,Cross-border remittance growth,Enhanced security features,Technical outages,64.24,0.12,36119825.91,IMF,01-01-2022
478,Crypto Payment,Middle East,Entertainment,Decline in cash transactions,Financial inclusion efforts,Network dependency,38.78,23.45,539748280.9,Deloitte,17-08-2024
479,Crypto Payment,South America,Finance,Integration of AI in fraud detection,Financial inclusion efforts,Digital literacy gaps,50.13,5.42,540128454,KPMG,02-01-2019
480,Mobile Wallet,Asia-Pacific,Education,Decline in cash transactions,Enhanced security features,Data privacy concerns,30.69,10.7,758535155.3,IMF,13-07-2019
481,Mobile Wallet,Middle East,Entertainment,Rise in contactless payments,Low transaction costs,Network dependency,49.47,17.98,798166811.5,McKinsey,11-09-2024
482,UPI,Africa,Healthcare,Growth in BNPL usage,Integration with super apps,Digital literacy gaps,58.41,2.5,715223045,BCG,30-03-2025
483,BNPL,Europe,Travel & Tourism,Increased UPI adoption,Integration with super apps,High transaction fees,63.58,19,613603003.7,PwC,13-10-2025
484,Mobile Wallet,South America,Entertainment,Decline in cash transactions,Integration with super apps,High transaction fees,85.48,0.47,290305704,KPMG,21-02-2025
485,Cross-border Transfer,Middle East,Travel & Tourism,Expansion of QR-based systems,Low transaction costs,High transaction fees,50.84,-0.44,969746501.4,World Bank,01-04-2018
486,Credit Card,Asia-Pacific,Travel & Tourism,Shift toward digital wallets,Low transaction costs,Cybersecurity risks,45.13,-0.48,494085973.6,BCG,01-11-2021
487,Mobile Wallet,Oceania,Utilities,Emergence of crypto transactions,Low transaction costs,Cybersecurity risks,51.47,20.31,951692397.7,PwC,18-08-2018
488,BNPL,North America,Entertainment,Cross-border remittance growth,Enhanced security features,High transaction fees,88.22,2.5,382195831.1,RBI,21-02-2018
489,Net Banking,Middle East,Utilities,Growth in BNPL usage,Government digital initiatives,High transaction fees,59.95,18.13,521617980.9,KPMG,03-05-2020
490,BNPL,South America,Travel & Tourism,Emergence of crypto transactions,Enhanced security features,Cybersecurity risks,78.41,11.49,123019370.6,PwC,26-05-2023
491,Net Banking,Asia-Pacific,Retail,Growth in BNPL usage,Pandemic-driven cashless preference,High transaction fees,71.14,4.74,168192996.1,Deloitte,04-02-2021
492,Credit Card,Middle East,Transportation,Rise in contactless payments,Government digital initiatives,Cross-border compliance barriers,80.93,9.26,596616071.7,RBI,02-03-2022
493,Net Banking,Europe,Utilities,Increased UPI adoption,Regulatory reforms supporting fintech,Merchant acceptance issues,90.51,24.91,625507197.9,IMF,02-09-2018
494,Debit Card,South America,Entertainment,Increased UPI adoption,Enhanced security features,Network dependency,45.12,24.45,788773264,KPMG,23-11-2021
495,Net Banking,North America,Education,Emergence of crypto transactions,Enhanced security features,Data privacy concerns,88.41,9.56,438062504.2,Accenture,22-04-2021
496,Crypto Payment,Europe,Finance,Shift toward digital wallets,Financial inclusion efforts,Merchant acceptance issues,51.04,9.05,867794178.1,Accenture,18-09-2024
497,Debit Card,North America,Entertainment,Shift toward digital wallets,Low transaction costs,Data privacy concerns,83.26,11.25,454624900.8,Accenture,26-02-2025
498,BNPL,South America,Food Delivery,Rise in contactless payments,Regulatory reforms supporting fintech,Merchant acceptance issues,80.44,2.16,721282559.1,Accenture,20-05-2025
499,BNPL,Europe,Entertainment,Cross-border remittance growth,Financial inclusion efforts,Technical outages,69.85,4.68,641263025.9,RBI,29-03-2019
500,Contactless NFC,South America,E-commerce,Rise in contactless payments,Enhanced security features,Technical outages,86.78,1.06,485884917,Statista,09-02-2019
